Workbook

Sheet Sensor BOM & Cost
A1: Sensor Board BOM and Production Cost Analysis
D2: Non-module spare allowance | E2: 0.1
A4: Final Component Specification | I4: 1-System Purchase | O4: 100-System Purchase | U4: 1000-System Purchase
A5: Reference | B5: Qty/System | C5: Specification | D5: Manufacturer | E5: MPN | F5: Pricing Supplier | G5: Price Source | H5: Module? | I5: Required Qty | J5: Order Qty | K5: Unit Price | L5: Reel Fee | M5: Packaging | N5: Extended Cost | O5: Required Qty | P5: Order Qty | Q5: Unit Price | R5: Reel Fee | S5: Packaging | T5: Extended Cost | U5: Required Qty | V5: Order Qty | W5: Unit Price | X5: Reel Fee | Y5: Packaging | Z5: Extended Cost
A6: C1,C3,C21,C23,C26,C28,C31,C33,C36,C38,C41,C43 | B6: 12 | C6: 1 µF ±10%, 50 V, X5R, 0603 | D6: Samsung Electro-Mechanics | E6: CL10A105KB8NNNC | F6: DigiKey | G6: https://www.digikey.com/en/products/detail/samsung-electro-mechanics/CL10A105KB8NNNC/3887518 | H6: No | I6: =ROUNDUP($B6*1*(1+IF($H6="Yes",0,$E$2)),0) -> 14 | J6: 14 | K6: 0.08 | L6: 0 | M6: Cut tape/bulk/tray | N6: =J6*K6+L6 -> 1.12 | O6: =ROUNDUP($B6*100*(1+IF($H6="Yes",0,$E$2)),0) -> 1320 | P6: 1320 | Q6: 0.03616 | R6: 7 | S6: Digi-Reel | T6: =P6*Q6+R6 -> 54.7312 | U6: =ROUNDUP($B6*1000*(1+IF($H6="Yes",0,$E$2)),0) -> 13200 | V6: 16000 | W6: 0.02342 | X6: 0 | Y6: Full reel (4000/reel) | Z6: =V6*W6+X6 -> 374.72
A7: C2,C4,C5,C11,C12,C14,C15,C17,C22,C24,C25,C27,C29,C30,C32,C34,C35,C37,C39,C40,C42,C44,C45 | B7: 23 | C7: 100 nF ±10%, 50 V, X5R, 0402 | D7: Murata Electronics | E7: GRM155R61H104KE14D | F7: Mouser | G7: https://www.mouser.com/en/ProductDetail/Murata-Electronics/GRM155R61H104KE14D | H7: No | I7: =ROUNDUP($B7*1*(1+IF($H7="Yes",0,$E$2)),0) -> 26 | J7: 26 | K7: 0.017 | L7: 0 | M7: Cut tape/bulk/tray | N7: =J7*K7+L7 -> 0.442 | O7: =ROUNDUP($B7*100*(1+IF($H7="Yes",0,$E$2)),0) -> 2530 | P7: 2530 | Q7: 0.011 | R7: 7 | S7: MouseReel | T7: =P7*Q7+R7 -> 34.83 | U7: =ROUNDUP($B7*1000*(1+IF($H7="Yes",0,$E$2)),0) -> 25300 | V7: 30000 | W7: 0.006 | X7: 0 | Y7: Full reel (10000/reel) | Z7: =V7*W7+X7 -> 180
A8: C6 | B8: 1 | C8: 2.2 nF ±10%, 50 V, X7R, 0402 | D8: Murata Electronics | E8: GRM155R71H222KA01D | F8: DigiKey | G8: https://www.digikey.com/en/products/detail/murata-electronics/GRM155R71H222KA01D/587234 | H8: No | I8: =ROUNDUP($B8*1*(1+IF($H8="Yes",0,$E$2)),0) -> 2 | J8: 2 | K8: 0.11 | L8: 0 | M8: Cut tape/bulk/tray | N8: =J8*K8+L8 -> 0.22 | O8: =ROUNDUP($B8*100*(1+IF($H8="Yes",0,$E$2)),0) -> 110 | P8: 110 | Q8: 0.0109 | R8: 7 | S8: Digi-Reel | T8: =P8*Q8+R8 -> 8.199 | U8: =ROUNDUP($B8*1000*(1+IF($H8="Yes",0,$E$2)),0) -> 1100 | V8: 1100 | W8: 0.0075 | X8: 7 | Y8: Digi-Reel | Z8: =V8*W8+X8 -> 15.25
A9: C7,C8 | B9: 2 | C9: 10 µF ±10%, 25 V, X7S, 0805 | D9: TDK | E9: C2012X7S1E106K125AC | F9: DigiKey | G9: https://www.digikey.com/en/products/detail/tdk/C2012X7S1E106K125AC/9991385 | H9: No | I9: =ROUNDUP($B9*1*(1+IF($H9="Yes",0,$E$2)),0) -> 3 | J9: 3 | K9: 0.59 | L9: 0 | M9: Cut tape/bulk/tray | N9: =J9*K9+L9 -> 1.77 | O9: =ROUNDUP($B9*100*(1+IF($H9="Yes",0,$E$2)),0) -> 220 | P9: 220 | Q9: 0.2464 | R9: 7 | S9: Digi-Reel | T9: =P9*Q9+R9 -> 61.208 | U9: =ROUNDUP($B9*1000*(1+IF($H9="Yes",0,$E$2)),0) -> 2200 | V9: 2200 | W9: 0.19962 | X9: 7 | Y9: Digi-Reel | Z9: =V9*W9+X9 -> 446.164
A10: C9 | B10: 1 | C10: 470 nF ±10%, 25 V, X5R, 0402 | D10: TDK | E10: C1005X5R1E474K050BB | F10: DigiKey | G10: https://www.digikey.com/en/products/detail/tdk/C1005X5R1E474K050BB/2792144 | H10: No | I10: =ROUNDUP($B10*1*(1+IF($H10="Yes",0,$E$2)),0) -> 2 | J10: 2 | K10: 0.1 | L10: 0 | M10: Cut tape/bulk/tray | N10: =J10*K10+L10 -> 0.2 | O10: =ROUNDUP($B10*100*(1+IF($H10="Yes",0,$E$2)),0) -> 110 | P10: 110 | Q10: 0.0309 | R10: 7 | S10: Digi-Reel | T10: =P10*Q10+R10 -> 10.399 | U10: =ROUNDUP($B10*1000*(1+IF($H10="Yes",0,$E$2)),0) -> 1100 | V10: 1100 | W10: 0.01995 | X10: 7 | Y10: Digi-Reel | Z10: =V10*W10+X10 -> 28.945
A11: C10,C13,C16,C19,C20 | B11: 5 | C11: 22 µF ±20%, 10 V, X7S, 0805 | D11: Cal-Chip Electronics | E11: GMC21X7S226M10NT | F11: DigiKey | G11: (existing uploaded DigiKey BOM quote) | H11: No | I11: =ROUNDUP($B11*1*(1+IF($H11="Yes",0,$E$2)),0) -> 6 | J11: 6 | K11: 0.753 | L11: 0 | M11: Cut tape/bulk/tray | N11: =J11*K11+L11 -> 4.518 | O11: =ROUNDUP($B11*100*(1+IF($H11="Yes",0,$E$2)),0) -> 550 | P11: 550 | Q11: 0.753 | R11: 7 | S11: Digi-Reel | T11: =P11*Q11+R11 -> 421.15 | U11: =ROUNDUP($B11*1000*(1+IF($H11="Yes",0,$E$2)),0) -> 5500 | V11: 5500 | W11: 0.753 | X11: 7 | Y11: Digi-Reel | Z11: =V11*W11+X11 -> 4148.5
A12: FB1 | B12: 1 | C12: Ferrite bead, 8.5 Ω @ 100 MHz, 8 A, 4 mΩ max DCR, 0603 | D12: Murata Electronics | E12: BLE18PS080SN1D | F12: Mouser | G12: https://www.mouser.com/en/ProductDetail/Murata-Electronics/BLE18PS080SN1D | H12: No | I12: =ROUNDUP($B12*1*(1+IF($H12="Yes",0,$E$2)),0) -> 2 | J12: 2 | K12: 0.31 | L12: 0 | M12: Cut tape/bulk/tray | N12: =J12*K12+L12 -> 0.62 | O12: =ROUNDUP($B12*100*(1+IF($H12="Yes",0,$E$2)),0) -> 110 | P12: 110 | Q12: 0.15 | R12: 7 | S12: MouseReel | T12: =P12*Q12+R12 -> 23.5 | U12: =ROUNDUP($B12*1000*(1+IF($H12="Yes",0,$E$2)),0) -> 1100 | V12: 1100 | W12: 0.075 | X12: 7 | Y12: MouseReel | Z12: =V12*W12+X12 -> 89.5
A13: J101,J102,J104,J105,J108 | B13: 5 | C13: 4-position Mini-Fit Jr. vertical header, 4.2 mm | D13: Molex | E13: 0039299049 | F13: DigiKey | G13: https://www.digikey.com/en/products/detail/molex/0039299049/3160172 | H13: No | I13: =ROUNDUP($B13*1*(1+IF($H13="Yes",0,$E$2)),0) -> 6 | J13: 6 | K13: 2.63 | L13: 0 | M13: Cut tape/bulk/tray | N13: =J13*K13+L13 -> 15.78 | O13: =ROUNDUP($B13*100*(1+IF($H13="Yes",0,$E$2)),0) -> 550 | P13: 550 | Q13: 1.69348 | R13: 0 | S13: Bulk/tray/exact qty | T13: =P13*Q13+R13 -> 931.414 | U13: =ROUNDUP($B13*1000*(1+IF($H13="Yes",0,$E$2)),0) -> 5500 | V13: 5500 | W13: 1.44385 | X13: 0 | Y13: Bulk/tray/exact qty | Z13: =V13*W13+X13 -> 7941.175
A14: J103 | B14: 1 | C14: 8-position Mini-Fit Jr. vertical header, 4.2 mm | D14: Molex | E14: 0039289088 | F14: DigiKey | G14: https://www.digikey.com/en/products/detail/molex/0039289088/1633809 | H14: No | I14: =ROUNDUP($B14*1*(1+IF($H14="Yes",0,$E$2)),0) -> 2 | J14: 2 | K14: 4.58 | L14: 0 | M14: Cut tape/bulk/tray | N14: =J14*K14+L14 -> 9.16 | O14: =ROUNDUP($B14*100*(1+IF($H14="Yes",0,$E$2)),0) -> 110 | P14: 110 | Q14: 3.3091 | R14: 0 | S14: Bulk/tray/exact qty | T14: =P14*Q14+R14 -> 364.001 | U14: =ROUNDUP($B14*1000*(1+IF($H14="Yes",0,$E$2)),0) -> 1100 | V14: 1100 | W14: 2.95392 | X14: 0 | Y14: Bulk/tray/exact qty | Z14: =V14*W14+X14 -> 3249.312
A15: J106,J107 | B15: 2 | C15: 10-position Mini-Fit Jr. vertical header, 4.2 mm | D15: Molex | E15: 0039289108 | F15: DigiKey | G15: https://www.digikey.com/en/products/detail/molex/0039289108/1633810 | H15: No | I15: =ROUNDUP($B15*1*(1+IF($H15="Yes",0,$E$2)),0) -> 3 | J15: 3 | K15: 4.98 | L15: 0 | M15: Cut tape/bulk/tray | N15: =J15*K15+L15 -> 14.94 | O15: =ROUNDUP($B15*100*(1+IF($H15="Yes",0,$E$2)),0) -> 220 | P15: 220 | Q15: 3.5943 | R15: 0 | S15: Bulk/tray/exact qty | T15: =P15*Q15+R15 -> 790.746 | U15: =ROUNDUP($B15*1000*(1+IF($H15="Yes",0,$E$2)),0) -> 2200 | V15: 2200 | W15: 3.05547 | X15: 0 | Y15: Bulk/tray/exact qty | Z15: =V15*W15+X15 -> 6722.034
A16: L1 | B16: 1 | C16: 2.2 µH ±20%, 4.7 A rated, 6.2 A Isat | D16: Würth Elektronik | E16: 74438356022 | F16: DigiKey | G16: https://www.digikey.com/en/products/detail/w%C3%BCrth-elektronik/74438356022/5725347 | H16: No | I16: =ROUNDUP($B16*1*(1+IF($H16="Yes",0,$E$2)),0) -> 2 | J16: 2 | K16: 1.94 | L16: 0 | M16: Cut tape/bulk/tray | N16: =J16*K16+L16 -> 3.88 | O16: =ROUNDUP($B16*100*(1+IF($H16="Yes",0,$E$2)),0) -> 110 | P16: 110 | Q16: 1.672 | R16: 7 | S16: Digi-Reel | T16: =P16*Q16+R16 -> 190.92 | U16: =ROUNDUP($B16*1000*(1+IF($H16="Yes",0,$E$2)),0) -> 1100 | V16: 1100 | W16: 1.541 | X16: 7 | Y16: Digi-Reel | Z16: =V16*W16+X16 -> 1702.1
A17: Q1,Q2,Q3,Q4,Q5,Q6 | B17: 6 | C17: N-MOSFET, 30 V, 154 mA, 300 mW, SC-75 | D17: onsemi | E17: NTA7002NT1G | F17: Mouser | G17: https://www.mouser.com/en/ProductDetail/onsemi/NTA7002NT1G | H17: No | I17: =ROUNDUP($B17*1*(1+IF($H17="Yes",0,$E$2)),0) -> 7 | J17: 7 | K17: 0.29 | L17: 0 | M17: Cut tape/bulk/tray | N17: =J17*K17+L17 -> 2.03 | O17: =ROUNDUP($B17*100*(1+IF($H17="Yes",0,$E$2)),0) -> 660 | P17: 660 | Q17: 0.081 | R17: 7 | S17: MouseReel | T17: =P17*Q17+R17 -> 60.46 | U17: =ROUNDUP($B17*1000*(1+IF($H17="Yes",0,$E$2)),0) -> 6600 | V17: 9000 | W17: 0.048 | X17: 0 | Y17: Full reel (3000/reel) | Z17: =V17*W17+X17 -> 432
... A33: U7 | B33: 1 | C33: I²C bus buffer/re-driver, 4.5–12 V, 8-SOIC | D33: Texas Instruments | E33: P82B715DR | F33: DigiKey | G33: https://www.digikey.com/en/products/detail/texas-instruments/P82B715DR/1899806 | H33: No | I33: =ROUNDUP($B33*1*(1+IF($H33="Yes",0,$E$2)),0) -> 2 | J33: 2 | K33: 2.71 | L33: 0 | M33: Cut tape/bulk/tray | N33: =J33*K33+L33 -> 5.42 | O33: =ROUNDUP($B33*100*(1+IF($H33="Yes",0,$E$2)),0) -> 110 | P33: 110 | Q33: 1.6484 | R33: 7 | S33: Digi-Reel | T33: =P33*Q33+R33 -> 188.324 | U33: =ROUNDUP($B33*1000*(1+IF($H33="Yes",0,$E$2)),0) -> 1100 | V33: 1100 | W33: 1.43208 | X33: 7 | Y33: Digi-Reel | Z33: =V33*W33+X33 -> 1582.288
A34: PCB Fabrication | M34: 5-board fabrication lot (MOQ) | N34: 473.57 | O34: 100 | P34: 100 | S34: 100-board fabrication lot | T34: 1288.53 | U34: 1000 | V34: 1000 | Y34: 1000-board fabrication lot | Z34: 6825.82
A35: COMPONENTS SUBTOTAL | N35: =SUM(N6:N34) -> 715.934 | T35: =SUM(T6:T34) -> 15492.236 | Z35: =SUM(Z6:Z34) -> 140648.45
A36: COMPONENTS COST PER SYSTEM | N36: =N35/1 -> 715.934 | T36: =T35/100 -> 154.92236 | Z36: =Z35/1000 -> 140.64845

Sheet Shield BOM & Cost
A1: Arduino Shield Board BOM and Production Cost Analysis
D2: Non-module spare allowance | E2: 0.1
A4: Component Specification | I4: 1-System Purchase | O4: 100-System Purchase | U4: 1000-System Purchase
A5: Reference | B5: Qty/System | C5: Specification | D5: Manufacturer | E5: MPN | F5: Pricing Supplier | G5: Price Source | H5: Module? | I5: Required Qty | J5: Order Qty | K5: Unit Price | L5: Reel Fee | M5: Packaging | N5: Extended Cost | O5: Required Qty | P5: Order Qty | Q5: Unit Price | R5: Reel Fee | S5: Packaging | T5: Extended Cost | U5: Required Qty | V5: Order Qty | W5: Unit Price | X5: Reel Fee | Y5: Packaging | Z5: Extended Cost
A6: A201 | B6: 1 | C6: Arduino GIGA R1 WiFi module | D6: Arduino | E6: ABX00063 | F6: DigiKey | G6: https://www.digikey.com/en/products/detail/arduino/ABX00063/18107704 | H6: Yes | I6: =ROUNDUP($B6*1*(1+IF($H6="Yes",0,$E$2)),0) -> 1 | J6: 1 | K6: 69.6 | L6: 0 | M6: Cut tape/bulk/tray | N6: =J6*K6+L6 -> 69.6 | O6: =ROUNDUP($B6*100*(1+IF($H6="Yes",0,$E$2)),0) -> 100 | P6: 100 | Q6: 62.2902 | R6: 0 | S6: Bulk/tray/exact qty | T6: =P6*Q6+R6 -> 6229.02 | U6: =ROUNDUP($B6*1000*(1+IF($H6="Yes",0,$E$2)),0) -> 1000 | V6: 1000 | W6: 62.2902 | X6: 0 | Y6: Bulk/tray/exact qty | Z6: =V6*W6+X6 -> 62290.2
A7: C17,C201,C202,C203,C211,C215,C216,C217,C220,C221,C223,C224,C225,C227 | B7: 14 | C7: 100 nF ±10%, 50 V, X5R, 0402 | D7: Murata Electronics | E7: GRM155R61H104KE14D | F7: Mouser | G7: https://www.mouser.com/en/ProductDetail/Murata-Electronics/GRM155R61H104KE14D | H7: No | I7: =ROUNDUP($B7*1*(1+IF($H7="Yes",0,$E$2)),0) -> 16 | J7: 16 | K7: 0.017 | L7: 0 | M7: Cut tape/bulk/tray | N7: =J7*K7+L7 -> 0.272 | O7: =ROUNDUP($B7*100*(1+IF($H7="Yes",0,$E$2)),0) -> 1540 | P7: 1540 | Q7: 0.012 | R7: 7 | S7: MouseReel | T7: =P7*Q7+R7 -> 25.48 | U7: =ROUNDUP($B7*1000*(1+IF($H7="Yes",0,$E$2)),0) -> 15400 | V7: 20000 | W7: 0.006 | X7: 0 | Y7: Full reel (10000/reel) | Z7: =V7*W7+X7 -> 120
A8: C218 | B8: 1 | C8: 3.3 µF ±10% 25V Ceramic Capacitor X5R 0603 (1608 Metric) | D8: Cal-Chip Electronics, Inc. | E8: GMC10X5R335K25NT | F8: DigiKey | G8: https://www.digikey.com/en/products/detail/cal-chip-electronics-inc/GMC10X5R335K25NT/24883192 | H8: No | I8: =ROUNDUP($B8*1*(1+IF($H8="Yes",0,$E$2)),0) -> 2 | J8: 2 | K8: 0.46 | L8: 0 | M8: Cut tape/bulk/tray | N8: =J8*K8+L8 -> 0.92 | O8: =ROUNDUP($B8*100*(1+IF($H8="Yes",0,$E$2)),0) -> 110 | P8: 110 | Q8: 0.1814 | R8: 7 | S8: Digi-Reel | T8: =P8*Q8+R8 -> 26.954 | U8: =ROUNDUP($B8*1000*(1+IF($H8="Yes",0,$E$2)),0) -> 1100 | V8: 1100 | W8: 0.1447 | X8: 7 | Y8: Digi-Reel | Z8: =V8*W8+X8 -> 166.17
A9: C219 | B9: 1 | C9: 1 nF ±10%, 2 kV, X7R, 1206 | D9: KYOCERA AVX | E9: 1206GC102KAT1A | F9: DigiKey | G9: https://www.digikey.com/en/products/detail/kyocera-avx/1206GC102KAT1A/808086 | H9: No | I9: =ROUNDUP($B9*1*(1+IF($H9="Yes",0,$E$2)),0) -> 2 | J9: 2 | K9: 0.3 | L9: 0 | M9: Cut tape/bulk/tray | N9: =J9*K9+L9 -> 0.6 | O9: =ROUNDUP($B9*100*(1+IF($H9="Yes",0,$E$2)),0) -> 110 | P9: 110 | Q9: 0.1108 | R9: 7 | S9: Digi-Reel | T9: =P9*Q9+R9 -> 19.188 | U9: =ROUNDUP($B9*1000*(1+IF($H9="Yes",0,$E$2)),0) -> 1100 | V9: 1100 | W9: 0.08556 | X9: 7 | Y9: Digi-Reel | Z9: =V9*W9+X9 -> 101.116
A10: C222,C226 | B10: 2 | C10: 18 pF ±5%, 50 V, C0G/NP0, 0402 | D10: Murata Electronics | E10: GRM1555C1H180JA01D | F10: DigiKey | G10: https://www.digikey.com/en/products/detail/murata-electronics/GRM1555C1H180JA01D/2854383 | H10: No | I10: =ROUNDUP($B10*1*(1+IF($H10="Yes",0,$E$2)),0) -> 3 | J10: 3 | K10: 0.1 | L10: 0 | M10: Cut tape/bulk/tray | N10: =J10*K10+L10 -> 0.3 | O10: =ROUNDUP($B10*100*(1+IF($H10="Yes",0,$E$2)),0) -> 220 | P10: 220 | Q10: 0.0146 | R10: 7 | S10: Digi-Reel | T10: =P10*Q10+R10 -> 10.212 | U10: =ROUNDUP($B10*1000*(1+IF($H10="Yes",0,$E$2)),0) -> 2200 | V10: 2200 | W10: 0.01024 | X10: 7 | Y10: Digi-Reel | Z10: =V10*W10+X10 -> 29.528
A11: FB201,FB202,FB203 | B11: 3 | C11: Ferrite bead, 120 Ω @ 100 MHz, 3 A, 0603 | D11: Pulse Electronics | E11: BBUP00160805121Y00 | F11: DigiKey | G11: https://www.digikey.com/en/products/detail/pulse-electronics/BBUP00160805121Y00/16818942 | H11: No | I11: =ROUNDUP($B11*1*(1+IF($H11="Yes",0,$E$2)),0) -> 4 | J11: 4 | K11: 0.13 | L11: 0 | M11: Cut tape/bulk/tray | N11: =J11*K11+L11 -> 0.52 | O11: =ROUNDUP($B11*100*(1+IF($H11="Yes",0,$E$2)),0) -> 330 | P11: 330 | Q11: 0.05448 | R11: 7 | S11: Digi-Reel | T11: =P11*Q11+R11 -> 24.9784 | U11: =ROUNDUP($B11*1000*(1+IF($H11="Yes",0,$E$2)),0) -> 3300 | V11: 3300 | W11: 0.0427 | X11: 7 | Y11: Digi-Reel | Z11: =V11*W11+X11 -> 147.91
A12: J201 | B12: 1 | C12: RJ45 MagJack, 10/100Base-T, through-hole | D12: Bel Fuse | E12: SI-46014-F | F12: DigiKey | G12: https://www.digikey.com/en/products/detail/bel-fuse-inc/SI-46014-F/2257082 | H12: No | I12: =ROUNDUP($B12*1*(1+IF($H12="Yes",0,$E$2)),0) -> 2 | J12: 2 | K12: 5.81 | L12: 0 | M12: Cut tape/bulk/tray | N12: =J12*K12+L12 -> 11.62 | O12: =ROUNDUP($B12*100*(1+IF($H12="Yes",0,$E$2)),0) -> 110 | P12: 110 | Q12: 4.266 | R12: 0 | S12: Bulk/tray/exact qty | T12: =P12*Q12+R12 -> 469.26 | U12: =ROUNDUP($B12*1000*(1+IF($H12="Yes",0,$E$2)),0) -> 1100 | V12: 1100 | W12: 3.86539 | X12: 0 | Y12: Bulk/tray/exact qty | Z12: =V12*W12+X12 -> 4251.929
A13: J309 | B13: 1 | C13: 8-position Mini-Fit Jr. vertical header, 4.2 mm | D13: Molex | E13: 0039289088 | F13: DigiKey | G13: https://www.digikey.com/en/products/detail/molex/0039289088/1633809 | H13: No | I13: =ROUNDUP($B13*1*(1+IF($H13="Yes",0,$E$2)),0) -> 2 | J13: 2 | K13: 4.58 | L13: 0 | M13: Cut tape/bulk/tray | N13: =J13*K13+L13 -> 9.16 | O13: =ROUNDUP($B13*100*(1+IF($H13="Yes",0,$E$2)),0) -> 110 | P13: 110 | Q13: 3.3091 | R13: 0 | S13: Bulk/tray/exact qty | T13: =P13*Q13+R13 -> 364.001 | U13: =ROUNDUP($B13*1000*(1+IF($H13="Yes",0,$E$2)),0) -> 1100 | V13: 1100 | W13: 2.95392 | X13: 0 | Y13: Bulk/tray/exact qty | Z13: =V13*W13+X13 -> 3249.312
A14: N101 | B14: 1 | C14: Arduino GIGA Display Shield module | D14: Arduino | E14: ASX00039 | F14: DigiKey | G14: https://www.digikey.com/en/products/detail/arduino/ASX00039/21443321 | H14: Yes | I14: =ROUNDUP($B14*1*(1+IF($H14="Yes",0,$E$2)),0) -> 1 | J14: 1 | K14: 63.6 | L14: 0 | M14: Cut tape/bulk/tray | N14: =J14*K14+L14 -> 63.6 | O14: =ROUNDUP($B14*100*(1+IF($H14="Yes",0,$E$2)),0) -> 100 | P14: 100 | Q14: 56.9201 | R14: 0 | S14: Bulk/tray/exact qty | T14: =P14*Q14+R14 -> 5692.01 | U14: =ROUNDUP($B14*1000*(1+IF($H14="Yes",0,$E$2)),0) -> 1000 | V14: 1000 | W14: 56.9201 | X14: 0 | Y14: Bulk/tray/exact qty | Z14: =V14*W14+X14 -> 56920.1
A15: N201 | B15: 1 | C15: Arduino stacking header set | D15: Adafruit Industries | E15: 85 | F15: DigiKey | G15: https://www.digikey.com/en/products/detail/adafruit-industries-llc/85/5154649 | H15: No | I15: =ROUNDUP($B15*1*(1+IF($H15="Yes",0,$E$2)),0) -> 2 | J15: 2 | K15: 1.95 | L15: 0 | M15: Cut tape/bulk/tray | N15: =J15*K15+L15 -> 3.9 | O15: =ROUNDUP($B15*100*(1+IF($H15="Yes",0,$E$2)),0) -> 110 | P15: 110 | Q15: 1.95 | R15: 0 | S15: Bulk/tray/exact qty | T15: =P15*Q15+R15 -> 214.5 | U15: =ROUNDUP($B15*1000*(1+IF($H15="Yes",0,$E$2)),0) -> 1100 | V15: 1100 | W15: 1.95 | X15: 0 | Y15: Bulk/tray/exact qty | Z15: =V15*W15+X15 -> 2145
A16: R23,R24,R205,R206,R207 | B16: 5 | C16: 4.70 kΩ ±1%, 1/16 W, 0402 | D16: Vishay Dale | E16: CRCW04024K70FKED | F16: DigiKey | G16: https://www.digikey.com/en/products/detail/vishay-dale/CRCW04024K70FKED/1178083 | H16: No | I16: =ROUNDUP($B16*1*(1+IF($H16="Yes",0,$E$2)),0) -> 6 | J16: 6 | K16: 0.1 | L16: 0 | M16: Cut tape/bulk/tray | N16: =J16*K16+L16 -> 0.6 | O16: =ROUNDUP($B16*100*(1+IF($H16="Yes",0,$E$2)),0) -> 550 | P16: 550 | Q16: 0.01034 | R16: 7 | S16: Digi-Reel | T16: =P16*Q16+R16 -> 12.687 | U16: =ROUNDUP($B16*1000*(1+IF($H16="Yes",0,$E$2)),0) -> 5500 | V16: 5500 | W16: 0.00642 | X16: 7 | Y16: Digi-Reel | Z16: =V16*W16+X16 -> 42.31
A17: R101,R102,R103,R104,R105 | B17: 5 | C17: 10 kΩ ±1%, 0.10 W, 50 V, 0402 | D17: Panasonic Industry | E17: ERJ-2RKF1002X | F17: DigiKey | G17: https://www.digikey.com/en/products/detail/panasonic-industry/ERJ-2RKF1002X/192073 ; https://www.newark.com/ | H17: No | I17: =ROUNDUP($B17*1*(1+IF($H17="Yes",0,$E$2)),0) -> 6 | J17: 10 | K17: 0.031 | L17: 0 | M17: Cut tape/bulk/tray | N17: =J17*K17+L17 -> 0.31 | O17: =ROUNDUP($B17*100*(1+IF($H17="Yes",0,$E$2)),0) -> 550 | P17: 550 | Q17: 0.018 | R17: 7 | S17: Digi-Reel | T17: =P17*Q17+R17 -> 16.9 | U17: =ROUNDUP($B17*1000*(1+IF($H17="Yes",0,$E$2)),0) -> 5500 | V17: 5500 | W17: 0.00631 | X17: 7 | Y17: Digi-Reel exact qty | Z17: =V17*W17+X17 -> 41.705
... A29: Y201 | B29: 1 | C29: 25 MHz crystal, ±10 ppm, 18 pF load, 3.2×2.5 mm | D29: Diodes Incorporated | E29: FL2500169 | F29: DigiKey | G29: https://www.digikey.com/en/products/detail/diodes-incorporated/FL2500169/9766957 | H29: No | I29: =ROUNDUP($B29*1*(1+IF($H29="Yes",0,$E$2)),0) -> 2 | J29: 2 | K29: 0.59 | L29: 0 | M29: Cut tape/bulk/tray | N29: =J29*K29+L29 -> 1.18 | O29: =ROUNDUP($B29*100*(1+IF($H29="Yes",0,$E$2)),0) -> 110 | P29: 110 | Q29: 0.4437 | R29: 7 | S29: Digi-Reel | T29: =P29*Q29+R29 -> 55.807 | U29: =ROUNDUP($B29*1000*(1+IF($H29="Yes",0,$E$2)),0) -> 1100 | V29: 1100 | W29: 0.38556 | X29: 7 | Y29: Digi-Reel | Z29: =V29*W29+X29 -> 431.116
A30: PCB Fabrication | M30: 5-board fabrication lot (MOQ) | N30: 122.19 | O30: 100 | P30: 100 | S30: 100-board fabrication lot | T30: 250.77 | U30: 1000 | V30: 1000 | Y30: 1000-board fabrication lot | Z30: 1402.23
A31: COMPONENTS SUBTOTAL | N31: =SUM(N6:N30) -> 303.092 | T31: =SUM(T6:T30) -> 14089.474 | Z31: =SUM(Z6:Z30) -> 136741.16
A32: COMPONENTS COST PER SYSTEM | N32: =N31/1 -> 303.092 | T32: =T31/100 -> 140.89474 | Z32: =Z31/1000 -> 136.74116

Sheet Cost Summary
A1: Week 3 Component Cost Summary
A3: Production Qty | B3: Sensor Purchase | C3: Sensor per System | D3: Shield Purchase | E3: Shield per System | F3: Combined Purchase | G3: Combined Purchas per System
A4: 1 | B4: ='Sensor BOM & Cost'!N35 -> 715.934 | C4: =B4/A4 -> 715.934 | D4: ='Shield BOM & Cost'!N31 -> 303.092 | E4: =D4/A4 -> 303.092 | F4: =B4+D4 -> 1019.026 | G4: =F4/A4 -> 1019.026
A5: 100 | B5: ='Sensor BOM & Cost'!T35 -> 15492.236 | C5: =B5/A5 -> 154.92236 | D5: ='Shield BOM & Cost'!T31 -> 14089.474 | E5: =D5/A5 -> 140.89474 | F5: =B5+D5 -> 29581.71 | G5: =F5/A5 -> 295.8171
A6: 1000 | B6: ='Sensor BOM & Cost'!Z35 -> 140648.45 | C6: =B6/A6 -> 140.64845 | D6: ='Shield BOM & Cost'!Z31 -> 136741.16 | E6: =D6/A6 -> 136.74116 | F6: =B6+D6 -> 277389.61 | G6: =F6/A6 -> 277.38961
